workload,n,sa_mean,sa_sd,naive_mean,naive_sd,ratio_sa_over_naive,welch_t_two_sided_p,p_sa_worse_than_5pct_margin,cohens_d,bh_q_sa_worse
multi_rule_shared,201,2.0981821333333333,0.010646063156877729,1.9506546,0.007344973174759122,1.0756297569714972,3.1229161484831554e-50,1.88995614892929e-27,16.13082589738072,4.252401335090902e-27
multi_rule_shared,202,2.9249807999999997,0.01639876702976636,2.6786787666666663,0.011114518565537529,1.0919490744460674,9.545036983198715e-52,2.241330699678524e-35,17.582866379432247,1.0085988148553359e-34
multi_rule_shared,203,3.928207933333333,0.034020064677849425,3.482896933333334,0.01784007277883205,1.127856496624438,8.805908392466079e-45,2.548278349148986e-36,16.394162740092682,2.2934505142340873e-35
multi_rule_shared,401,5.387047533333334,0.14631146827719924,4.737498,0.0767431823246231,1.1371081387967517,6.096807719734959e-25,8.63030887133386e-18,5.559980892559636,1.1096111406000677e-17
multi_rule_shared,402,7.443637633333333,0.25333395569777384,6.313495499999999,0.03856724837059701,1.1790041876696251,2.255881988045579e-21,1.127281991990292e-17,6.23705180428308,1.2681922409890785e-17
multi_rule_shared,403,9.883291200000002,0.36480950208155644,8.619200266666667,0.21677055201898643,1.146659886558385,4.913506753686425e-21,1.4915425474649224e-14,4.212753672119311,1.4915425474649224e-14
multi_rule_shared,801,15.288750533333332,0.6090227876110211,12.891351866666668,0.27159518677896133,1.1859695314706016,3.197369711293375e-22,7.802995787644687e-18,5.084345127038981,1.1096111406000677e-17
multi_rule_shared,802,22.474183733333334,0.8349196457858492,17.590410766666665,0.3454602426744184,1.277638369646335,3.610165996134144e-28,1.4740981023610512e-25,7.643812600515142,2.6533765842498924e-25
multi_rule_shared,803,29.10609793333333,0.6941532492555197,22.147659466666664,0.2572444196212184,1.3141839198466756,6.57297216705587e-36,7.00658672678486e-34,13.293129258317185,2.101976018035458e-33
