workload	matcher	n	rep	inj_ns	build_ns	readback_ns	program_encoded_len	program_receiver_count	observed_count	consumed_cost_units	matching_tau	firing_visible	subst_tau	respread_tau	other	join_arity_gt1	attempts	successes
lambda_chain	naive-r3	16	3	130992940	47009	6242	20765	22	1	266	64	16	48	48	16	0	192	192
lambda_chain	naive-r3	16	4	124749001	53561	5681	20765	22	1	266	64	16	48	48	16	0	192	192
lambda_chain	naive-r3	16	5	125014965	47430	6652	20765	22	1	266	64	16	48	48	16	0	192	192
lambda_chain	naive-r3	16	6	124385652	45006	5982	20765	22	1	266	64	16	48	48	16	0	192	192
lambda_chain	naive-r3	16	7	127466233	47290	6141	20765	22	1	266	64	16	48	48	16	0	192	192
lambda_chain	naive-r3	16	8	127895246	56297	20149	20765	22	1	266	64	16	48	48	16	0	192	192
lambda_chain	naive-r3	16	9	128907115	70163	9898	20765	22	1	266	64	16	48	48	16	0	192	192
lambda_chain	naive-r3	16	10	127815735	275542	6973	20765	22	1	266	64	16	48	48	16	0	192	192
lambda_chain	naive-r3	16	11	130683823	71175	17543	20765	22	1	266	64	16	48	48	16	0	192	192
lambda_chain	naive-r3	16	12	139049054	232932	6683	20765	22	1	266	64	16	48	48	16	0	192	192
lambda_chain	naive-r3	16	13	127741415	63059	6372	20765	22	1	266	64	16	48	48	16	0	192	192
lambda_chain	naive-r3	16	14	124309847	58440	18114	20765	22	1	266	64	16	48	48	16	0	192	192
lambda_chain	naive-r3	16	15	123778109	67679	14337	20765	22	1	266	64	16	48	48	16	0	192	192
lambda_chain	naive-r3	16	16	133603990	54313	5621	20765	22	1	266	64	16	48	48	16	0	192	192
lambda_chain	naive-r3	16	17	123708658	44965	5881	20765	22	1	266	64	16	48	48	16	0	192	192
lambda_chain	naive-r3	16	18	128168434	45587	5801	20765	22	1	266	64	16	48	48	16	0	192	192
lambda_chain	naive-r3	16	19	122594105	48562	5530	20765	22	1	266	64	16	48	48	16	0	192	192
lambda_chain	naive-r3	16	20	125334311	43102	5601	20765	22	1	266	64	16	48	48	16	0	192	192
lambda_chain	naive-r3	16	21	128203160	40758	6302	20765	22	1	266	64	16	48	48	16	0	192	192
lambda_chain	naive-r3	16	22	130022449	49474	6843	20765	22	1	266	64	16	48	48	16	0	192	192
lambda_chain	naive-r3	16	23	124652889	49884	6032	20765	22	1	266	64	16	48	48	16	0	192	192
lambda_chain	naive-r3	16	24	125895425	48061	6442	20765	22	1	266	64	16	48	48	16	0	192	192
lambda_chain	naive-r3	16	25	129799376	49113	5992	20765	22	1	266	64	16	48	48	16	0	192	192
lambda_chain	naive-r3	16	26	129873527	55785	6493	20765	22	1	266	64	16	48	48	16	0	192	192
lambda_chain	naive-r3	16	27	127541355	46068	9618	20765	22	1	266	64	16	48	48	16	0	192	192
lambda_chain	naive-r3	16	28	131515681	53671	7003	20765	22	1	266	64	16	48	48	16	0	192	192
lambda_chain	naive-r3	16	29	124657517	54674	27171	20765	22	1	266	64	16	48	48	16	0	192	192
lambda_chain	naive-r3	16	30	126688528	57549	6402	20765	22	1	266	64	16	48	48	16	0	192	192
lambda_chain	naive-r3	16	31	128589111	49734	12825	20765	22	1	266	64	16	48	48	16	0	192	192
lambda_chain	naive-r3	16	32	132536707	83388	5431	20765	22	1	266	64	16	48	48	16	0	192	192
lambda_chain	naive-r3	16	33	135628298	59112	6853	20765	22	1	266	64	16	48	48	16	0	192	192
lambda_chain	naive-r3	16	34	128034260	52339	23765	20765	22	1	266	64	16	48	48	16	0	192	192
lambda_chain	naive-r3	16	35	126817793	70243	13716	20765	22	1	266	64	16	48	48	16	0	192	192
lambda_chain	naive-r3	16	36	129625487	215168	6082	20765	22	1	266	64	16	48	48	16	0	192	192
lambda_chain	naive-r3	16	37	124249704	48181	5670	20765	22	1	266	64	16	48	48	16	0	192	192
lambda_chain	naive-r3	16	38	126001546	51227	8586	20765	22	1	266	64	16	48	48	16	0	192	192
lambda_chain	naive-r3	16	39	123224350	44394	8897	20765	22	1	266	64	16	48	48	16	0	192	192
lambda_chain	naive-r3	16	40	128882789	143953	9428	20765	22	1	266	64	16	48	48	16	0	192	192
lambda_chain	naive-r3	16	41	125100397	48421	6502	20765	22	1	266	64	16	48	48	16	0	192	192
lambda_chain	naive-r3	16	42	125604151	73178	9368	20765	22	1	266	64	16	48	48	16	0	192	192
lambda_chain	naive-r3	16	43	128884592	98887	6132	20765	22	1	266	64	16	48	48	16	0	192	192
lambda_chain	naive-r3	16	44	128915350	51447	5440	20765	22	1	266	64	16	48	48	16	0	192	192
lambda_chain	naive-r3	16	45	126427854	42381	6532	20765	22	1	266	64	16	48	48	16	0	192	192
lambda_chain	naive-r3	16	46	125708500	49033	6041	20765	22	1	266	64	16	48	48	16	0	192	192
lambda_chain	naive-r3	16	47	124504908	49053	6603	20765	22	1	266	64	16	48	48	16	0	192	192
lambda_chain	naive-r3	16	48	124285221	141990	7094	20765	22	1	266	64	16	48	48	16	0	192	192
lambda_chain	naive-r3	16	49	124249253	43192	7054	20765	22	1	266	64	16	48	48	16	0	192	192
lambda_chain	naive-r3	16	50	128431953	58000	6512	20765	22	1	266	64	16	48	48	16	0	192	192
lambda_chain	naive-r3	16	51	130054941	57719	6913	20765	22	1	266	64	16	48	48	16	0	192	192
lambda_chain	naive-r3	16	52	128676077	50385	8506	20765	22	1	266	64	16	48	48	16	0	192	192
lambda_chain	naive-r3	16	53	130315615	60504	6091	20765	22	1	266	64	16	48	48	16	0	192	192
lambda_chain	naive-r3	2	3	7378510	37171	4469	14045	22	1	42	8	2	6	6	2	0	24	24
lambda_chain	naive-r3	2	4	7825828	44575	5521	14045	22	1	42	8	2	6	6	2	0	24	24
lambda_chain	naive-r3	2	5	7504829	47120	4689	14045	22	1	42	8	2	6	6	2	0	24	24
lambda_chain	naive-r3	2	6	7675974	40136	4428	14045	22	1	42	8	2	6	6	2	0	24	24
lambda_chain	naive-r3	2	7	7504950	43472	4047	14045	22	1	42	8	2	6	6	2	0	24	24
lambda_chain	naive-r3	2	8	7592927	50205	4278	14045	22	1	42	8	2	6	6	2	0	24	24
lambda_chain	naive-r3	2	9	7444595	39816	4609	14045	22	1	42	8	2	6	6	2	0	24	24
lambda_chain	naive-r3	2	10	7522282	39154	4058	14045	22	1	42	8	2	6	6	2	0	24	24
lambda_chain	naive-r3	2	11	7453221	40176	3667	14045	22	1	42	8	2	6	6	2	0	24	24
lambda_chain	naive-r3	2	12	7443503	38493	3567	14045	22	1	42	8	2	6	6	2	0	24	24
lambda_chain	naive-r3	2	13	7348574	37852	3516	14045	22	1	42	8	2	6	6	2	0	24	24
lambda_chain	naive-r3	2	14	7461828	37070	3967	14045	22	1	42	8	2	6	6	2	0	24	24
lambda_chain	naive-r3	2	15	7488418	38032	3798	14045	22	1	42	8	2	6	6	2	0	24	24
lambda_chain	naive-r3	2	16	7497045	39325	4368	14045	22	1	42	8	2	6	6	2	0	24	24
lambda_chain	naive-r3	2	17	7421842	38292	3617	14045	22	1	42	8	2	6	6	2	0	24	24
lambda_chain	naive-r3	2	18	7409569	37050	3496	14045	22	1	42	8	2	6	6	2	0	24	24
lambda_chain	naive-r3	2	19	7766606	41940	5320	14045	22	1	42	8	2	6	6	2	0	24	24
lambda_chain	naive-r3	2	20	7550977	45406	4870	14045	22	1	42	8	2	6	6	2	0	24	24
lambda_chain	naive-r3	2	21	7592546	63961	4459	14045	22	1	42	8	2	6	6	2	0	24	24
lambda_chain	naive-r3	2	22	7600831	42100	5230	14045	22	1	42	8	2	6	6	2	0	24	24
lambda_chain	naive-r3	2	23	7634024	43843	4568	14045	22	1	42	8	2	6	6	2	0	24	24
lambda_chain	naive-r3	2	24	7415160	39274	3677	14045	22	1	42	8	2	6	6	2	0	24	24
lambda_chain	naive-r3	2	25	7422664	39555	3968	14045	22	1	42	8	2	6	6	2	0	24	24
lambda_chain	naive-r3	2	26	7404289	39625	4549	14045	22	1	42	8	2	6	6	2	0	24	24
lambda_chain	naive-r3	2	27	7775623	39736	5200	14045	22	1	42	8	2	6	6	2	0	24	24
lambda_chain	naive-r3	2	28	7632201	56226	4278	14045	22	1	42	8	2	6	6	2	0	24	24
lambda_chain	naive-r3	2	29	7490442	40025	3977	14045	22	1	42	8	2	6	6	2	0	24	24
lambda_chain	naive-r3	2	30	7567428	39054	4649	14045	22	1	42	8	2	6	6	2	0	24	24
lambda_chain	naive-r3	2	31	7338815	39295	3496	14045	22	1	42	8	2	6	6	2	0	24	24
lambda_chain	naive-r3	2	32	7467228	38623	4178	14045	22	1	42	8	2	6	6	2	0	24	24
lambda_chain	naive-r3	2	33	7418787	43232	3887	14045	22	1	42	8	2	6	6	2	0	24	24
lambda_chain	naive-r3	2	34	7362840	40287	3687	14045	22	1	42	8	2	6	6	2	0	24	24
lambda_chain	naive-r3	2	35	7400422	37721	5109	14045	22	1	42	8	2	6	6	2	0	24	24
lambda_chain	naive-r3	2	36	7426041	45386	3877	14045	22	1	42	8	2	6	6	2	0	24	24
lambda_chain	naive-r3	2	37	7429046	38223	4458	14045	22	1	42	8	2	6	6	2	0	24	24
lambda_chain	naive-r3	2	38	7524146	43413	4208	14045	22	1	42	8	2	6	6	2	0	24	24
lambda_chain	naive-r3	2	39	7637591	43603	4739	14045	22	1	42	8	2	6	6	2	0	24	24
lambda_chain	naive-r3	2	40	7472689	57619	3988	14045	22	1	42	8	2	6	6	2	0	24	24
lambda_chain	naive-r3	2	41	7321923	41288	4107	14045	22	1	42	8	2	6	6	2	0	24	24
lambda_chain	naive-r3	2	42	7346980	39836	3667	14045	22	1	42	8	2	6	6	2	0	24	24
lambda_chain	naive-r3	2	43	7364954	38984	4779	14045	22	1	42	8	2	6	6	2	0	24	24
lambda_chain	naive-r3	2	44	7449856	41128	3817	14045	22	1	42	8	2	6	6	2	0	24	24
lambda_chain	naive-r3	2	45	7346680	42190	3597	14045	22	1	42	8	2	6	6	2	0	24	24
lambda_chain	naive-r3	2	46	7473680	37982	3557	14045	22	1	42	8	2	6	6	2	0	24	24
lambda_chain	naive-r3	2	47	7338123	48242	3506	14045	22	1	42	8	2	6	6	2	0	24	24
lambda_chain	naive-r3	2	48	7292577	38163	3817	14045	22	1	42	8	2	6	6	2	0	24	24
lambda_chain	naive-r3	2	49	7388499	44103	3556	14045	22	1	42	8	2	6	6	2	0	24	24
lambda_chain	naive-r3	2	50	7416101	38994	3617	14045	22	1	42	8	2	6	6	2	0	24	24
lambda_chain	naive-r3	2	51	7409198	56588	4018	14045	22	1	42	8	2	6	6	2	0	24	24
lambda_chain	naive-r3	2	52	8765881	37030	10239	14045	22	1	42	8	2	6	6	2	0	24	24
lambda_chain	naive-r3	2	53	10540495	129906	5240	14045	22	1	42	8	2	6	6	2	0	24	24
lambda_chain	naive-r3	32	3	416134773	53782	5912	28445	22	1	522	128	32	96	96	32	0	384	384
lambda_chain	naive-r3	32	4	414366330	43773	5952	28445	22	1	522	128	32	96	96	32	0	384	384
lambda_chain	naive-r3	32	5	415804587	42821	6953	28445	22	1	522	128	32	96	96	32	0	384	384
lambda_chain	naive-r3	32	6	415127053	45967	5270	28445	22	1	522	128	32	96	96	32	0	384	384
lambda_chain	naive-r3	32	7	415371125	41458	6221	28445	22	1	522	128	32	96	96	32	0	384	384
lambda_chain	naive-r3	32	8	420105942	43403	5881	28445	22	1	522	128	32	96	96	32	0	384	384
lambda_chain	naive-r3	32	9	415768900	45616	6122	28445	22	1	522	128	32	96	96	32	0	384	384
lambda_chain	naive-r3	32	10	414568504	41929	5951	28445	22	1	522	128	32	96	96	32	0	384	384
lambda_chain	naive-r3	32	11	416054721	42471	6001	28445	22	1	522	128	32	96	96	32	0	384	384
lambda_chain	naive-r3	32	12	415579560	43563	6031	28445	22	1	522	128	32	96	96	32	0	384	384
lambda_chain	naive-r3	32	13	415002567	50666	6131	28445	22	1	522	128	32	96	96	32	0	384	384
lambda_chain	naive-r3	32	14	419206838	75042	7074	28445	22	1	522	128	32	96	96	32	0	384	384
lambda_chain	naive-r3	32	15	419566039	59072	5741	28445	22	1	522	128	32	96	96	32	0	384	384
lambda_chain	naive-r3	32	16	425434335	42270	5771	28445	22	1	522	128	32	96	96	32	0	384	384
lambda_chain	naive-r3	32	17	422794340	43522	6282	28445	22	1	522	128	32	96	96	32	0	384	384
lambda_chain	naive-r3	32	18	414102470	42811	6612	28445	22	1	522	128	32	96	96	32	0	384	384
lambda_chain	naive-r3	32	19	416802770	46628	5991	28445	22	1	522	128	32	96	96	32	0	384	384
lambda_chain	naive-r3	32	20	416179808	49634	9377	28445	22	1	522	128	32	96	96	32	0	384	384
lambda_chain	naive-r3	32	21	421173827	48242	5561	28445	22	1	522	128	32	96	96	32	0	384	384
lambda_chain	naive-r3	32	22	414963773	41819	5441	28445	22	1	522	128	32	96	96	32	0	384	384
lambda_chain	naive-r3	32	23	419533087	45406	20429	28445	22	1	522	128	32	96	96	32	0	384	384
lambda_chain	naive-r3	32	24	428939001	230076	6121	28445	22	1	522	128	32	96	96	32	0	384	384
lambda_chain	naive-r3	32	25	420668279	43282	6031	28445	22	1	522	128	32	96	96	32	0	384	384
lambda_chain	naive-r3	32	26	417961216	42250	9398	28445	22	1	522	128	32	96	96	32	0	384	384
lambda_chain	naive-r3	32	27	423023885	81775	32431	28445	22	1	522	128	32	96	96	32	0	384	384
lambda_chain	naive-r3	32	28	423317432	42591	5721	28445	22	1	522	128	32	96	96	32	0	384	384
lambda_chain	naive-r3	32	29	416324924	48953	5992	28445	22	1	522	128	32	96	96	32	0	384	384
lambda_chain	naive-r3	32	30	419344439	43121	5731	28445	22	1	522	128	32	96	96	32	0	384	384
lambda_chain	naive-r3	32	31	416715084	45756	6212	28445	22	1	522	128	32	96	96	32	0	384	384
lambda_chain	naive-r3	32	32	419335963	42089	5891	28445	22	1	522	128	32	96	96	32	0	384	384
lambda_chain	naive-r3	32	33	415978267	43583	5791	28445	22	1	522	128	32	96	96	32	0	384	384
lambda_chain	naive-r3	32	34	415743541	41439	5851	28445	22	1	522	128	32	96	96	32	0	384	384
lambda_chain	naive-r3	32	35	416714612	45186	5450	28445	22	1	522	128	32	96	96	32	0	384	384
lambda_chain	naive-r3	32	36	414842663	41038	5831	28445	22	1	522	128	32	96	96	32	0	384	384
lambda_chain	naive-r3	32	37	415918223	42200	5942	28445	22	1	522	128	32	96	96	32	0	384	384
lambda_chain	naive-r3	32	38	415141881	40286	5781	28445	22	1	522	128	32	96	96	32	0	384	384
lambda_chain	naive-r3	32	39	417654485	44183	5861	28445	22	1	522	128	32	96	96	32	0	384	384
lambda_chain	naive-r3	32	40	416134613	44494	5671	28445	22	1	522	128	32	96	96	32	0	384	384
lambda_chain	naive-r3	32	41	418002604	43623	5711	28445	22	1	522	128	32	96	96	32	0	384	384
lambda_chain	naive-r3	32	42	432734918	41799	6061	28445	22	1	522	128	32	96	96	32	0	384	384
lambda_chain	naive-r3	32	43	413928299	42270	5371	28445	22	1	522	128	32	96	96	32	0	384	384
lambda_chain	naive-r3	32	44	424384685	43152	5590	28445	22	1	522	128	32	96	96	32	0	384	384
lambda_chain	naive-r3	32	45	416594725	42581	5961	28445	22	1	522	128	32	96	96	32	0	384	384
lambda_chain	naive-r3	32	46	414545821	41408	5550	28445	22	1	522	128	32	96	96	32	0	384	384
lambda_chain	naive-r3	32	47	415597595	41599	5570	28445	22	1	522	128	32	96	96	32	0	384	384
lambda_chain	naive-r3	32	48	418613323	40767	5530	28445	22	1	522	128	32	96	96	32	0	384	384
lambda_chain	naive-r3	32	49	417982927	40887	5741	28445	22	1	522	128	32	96	96	32	0	384	384
lambda_chain	naive-r3	32	50	420376776	41128	5951	28445	22	1	522	128	32	96	96	32	0	384	384
lambda_chain	naive-r3	32	51	418052299	45907	5901	28445	22	1	522	128	32	96	96	32	0	384	384
lambda_chain	naive-r3	32	52	421850500	43142	5581	28445	22	1	522	128	32	96	96	32	0	384	384
lambda_chain	naive-r3	32	53	413112422	40046	5451	28445	22	1	522	128	32	96	96	32	0	384	384
lambda_chain	naive-r3	4	3	16639750	75623	4628	15005	22	1	74	16	4	12	12	4	0	48	48
lambda_chain	naive-r3	4	4	15543471	44955	4608	15005	22	1	74	16	4	12	12	4	0	48	48
lambda_chain	naive-r3	4	5	15604998	42961	5932	15005	22	1	74	16	4	12	12	4	0	48	48
lambda_chain	naive-r3	4	6	17259315	64051	7374	15005	22	1	74	16	4	12	12	4	0	48	48
lambda_chain	naive-r3	4	7	17194813	62148	33944	15005	22	1	74	16	4	12	12	4	0	48	48
lambda_chain	naive-r3	4	8	17478329	144284	5160	15005	22	1	74	16	4	12	12	4	0	48	48
lambda_chain	naive-r3	4	9	17473881	96854	5170	15005	22	1	74	16	4	12	12	4	0	48	48
lambda_chain	naive-r3	4	10	16648065	43814	5100	15005	22	1	74	16	4	12	12	4	0	48	48
lambda_chain	naive-r3	4	11	16083044	63981	5460	15005	22	1	74	16	4	12	12	4	0	48	48
lambda_chain	naive-r3	4	12	16207500	61156	5110	15005	22	1	74	16	4	12	12	4	0	48	48
lambda_chain	naive-r3	4	13	15839462	56096	4739	15005	22	1	74	16	4	12	12	4	0	48	48
lambda_chain	naive-r3	4	14	17530369	66897	5941	15005	22	1	74	16	4	12	12	4	0	48	48
lambda_chain	naive-r3	4	15	15579470	64923	4618	15005	22	1	74	16	4	12	12	4	0	48	48
lambda_chain	naive-r3	4	16	15956234	39986	5441	15005	22	1	74	16	4	12	12	4	0	48	48
lambda_chain	naive-r3	4	17	15860813	61356	4458	15005	22	1	74	16	4	12	12	4	0	48	48
lambda_chain	naive-r3	4	18	16146245	48301	5019	15005	22	1	74	16	4	12	12	4	0	48	48
lambda_chain	naive-r3	4	19	15718583	59473	4498	15005	22	1	74	16	4	12	12	4	0	48	48
lambda_chain	naive-r3	4	20	15571465	49784	4539	15005	22	1	74	16	4	12	12	4	0	48	48
lambda_chain	naive-r3	4	21	15485942	42731	4589	15005	22	1	74	16	4	12	12	4	0	48	48
lambda_chain	naive-r3	4	22	16658756	48061	6472	15005	22	1	74	16	4	12	12	4	0	48	48
lambda_chain	naive-r3	4	23	15943260	71225	6252	15005	22	1	74	16	4	12	12	4	0	48	48
lambda_chain	naive-r3	4	24	15715638	45436	4579	15005	22	1	74	16	4	12	12	4	0	48	48
lambda_chain	naive-r3	4	25	16141806	43893	5451	15005	22	1	74	16	4	12	12	4	0	48	48
lambda_chain	naive-r3	4	26	17186657	76425	4789	15005	22	1	74	16	4	12	12	4	0	48	48
lambda_chain	naive-r3	4	27	15748881	50285	5881	15005	22	1	74	16	4	12	12	4	0	48	48
lambda_chain	naive-r3	4	28	15659331	56297	4598	15005	22	1	74	16	4	12	12	4	0	48	48
lambda_chain	naive-r3	4	29	18142739	52600	4709	15005	22	1	74	16	4	12	12	4	0	48	48
lambda_chain	naive-r3	4	30	15089210	47030	4618	15005	22	1	74	16	4	12	12	4	0	48	48
lambda_chain	naive-r3	4	31	16166433	56156	4829	15005	22	1	74	16	4	12	12	4	0	48	48
lambda_chain	naive-r3	4	32	15543711	46048	5370	15005	22	1	74	16	4	12	12	4	0	48	48
lambda_chain	naive-r3	4	33	15636728	46618	5169	15005	22	1	74	16	4	12	12	4	0	48	48
lambda_chain	naive-r3	4	34	16023712	59343	4769	15005	22	1	74	16	4	12	12	4	0	48	48
lambda_chain	naive-r3	4	35	15925255	54062	4930	15005	22	1	74	16	4	12	12	4	0	48	48
lambda_chain	naive-r3	4	36	16035664	42330	4629	15005	22	1	74	16	4	12	12	4	0	48	48
lambda_chain	naive-r3	4	37	15559471	52299	5169	15005	22	1	74	16	4	12	12	4	0	48	48
lambda_chain	naive-r3	4	38	15441778	44004	5089	15005	22	1	74	16	4	12	12	4	0	48	48
lambda_chain	naive-r3	4	39	15572857	61226	5100	15005	22	1	74	16	4	12	12	4	0	48	48
lambda_chain	naive-r3	4	40	15767015	41979	4639	15005	22	1	74	16	4	12	12	4	0	48	48
lambda_chain	naive-r3	4	41	15579760	39705	4789	15005	22	1	74	16	4	12	12	4	0	48	48
lambda_chain	naive-r3	4	42	15590320	40587	5189	15005	22	1	74	16	4	12	12	4	0	48	48
lambda_chain	naive-r3	4	43	16223961	49234	5801	15005	22	1	74	16	4	12	12	4	0	48	48
lambda_chain	naive-r3	4	44	16634871	54924	5491	15005	22	1	74	16	4	12	12	4	0	48	48
lambda_chain	naive-r3	4	45	16470569	103266	7263	15005	22	1	74	16	4	12	12	4	0	48	48
lambda_chain	naive-r3	4	46	18479809	193838	5110	15005	22	1	74	16	4	12	12	4	0	48	48
lambda_chain	naive-r3	4	47	15890218	50155	4869	15005	22	1	74	16	4	12	12	4	0	48	48
lambda_chain	naive-r3	4	48	15869359	63511	5500	15005	22	1	74	16	4	12	12	4	0	48	48
lambda_chain	naive-r3	4	49	15496452	42421	4959	15005	22	1	74	16	4	12	12	4	0	48	48
lambda_chain	naive-r3	4	50	15710178	73239	4639	15005	22	1	74	16	4	12	12	4	0	48	48
lambda_chain	naive-r3	4	51	15106773	43803	4799	15005	22	1	74	16	4	12	12	4	0	48	48
lambda_chain	naive-r3	4	52	15265604	39125	4509	15005	22	1	74	16	4	12	12	4	0	48	48
lambda_chain	naive-r3	4	53	15218655	40828	4549	15005	22	1	74	16	4	12	12	4	0	48	48
lambda_chain	naive-r3	64	3	1539595433	38072	5821	43899	22	1	1034	256	64	192	192	64	0	768	768
lambda_chain	naive-r3	64	4	1536830591	38493	5360	43899	22	1	1034	256	64	192	192	64	0	768	768
lambda_chain	naive-r3	64	5	1535476693	37942	5310	43899	22	1	1034	256	64	192	192	64	0	768	768
lambda_chain	naive-r3	64	6	1554083874	38873	5581	43899	22	1	1034	256	64	192	192	64	0	768	768
lambda_chain	naive-r3	64	7	1538491219	39164	5430	43899	22	1	1034	256	64	192	192	64	0	768	768
lambda_chain	naive-r3	64	8	1545313545	42450	6783	43899	22	1	1034	256	64	192	192	64	0	768	768
lambda_chain	naive-r3	64	9	1540929713	39765	5801	43899	22	1	1034	256	64	192	192	64	0	768	768
lambda_chain	naive-r3	64	10	1554674203	40607	5781	43899	22	1	1034	256	64	192	192	64	0	768	768
lambda_chain	naive-r3	64	11	1543896889	40366	5540	43899	22	1	1034	256	64	192	192	64	0	768	768
lambda_chain	naive-r3	64	12	1541084867	38884	6192	43899	22	1	1034	256	64	192	192	64	0	768	768
lambda_chain	naive-r3	64	13	1532845896	39655	5180	43899	22	1	1034	256	64	192	192	64	0	768	768
lambda_chain	naive-r3	64	14	1534964081	38733	5471	43899	22	1	1034	256	64	192	192	64	0	768	768
lambda_chain	naive-r3	64	15	1533670970	38493	5380	43899	22	1	1034	256	64	192	192	64	0	768	768
lambda_chain	naive-r3	64	16	1538642737	37792	6262	43899	22	1	1034	256	64	192	192	64	0	768	768
lambda_chain	naive-r3	64	17	1537928232	39655	5871	43899	22	1	1034	256	64	192	192	64	0	768	768
lambda_chain	naive-r3	64	18	1534298018	38012	5511	43899	22	1	1034	256	64	192	192	64	0	768	768
lambda_chain	naive-r3	64	19	1536260249	39666	5490	43899	22	1	1034	256	64	192	192	64	0	768	768
lambda_chain	naive-r3	64	20	1538331807	37641	5641	43899	22	1	1034	256	64	192	192	64	0	768	768
lambda_chain	naive-r3	64	21	1533136667	37331	5070	43899	22	1	1034	256	64	192	192	64	0	768	768
lambda_chain	naive-r3	64	22	1530515387	39795	5431	43899	22	1	1034	256	64	192	192	64	0	768	768
lambda_chain	naive-r3	64	23	1538302541	38412	5460	43899	22	1	1034	256	64	192	192	64	0	768	768
lambda_chain	naive-r3	64	24	1532750024	38713	10831	43899	22	1	1034	256	64	192	192	64	0	768	768
lambda_chain	naive-r3	64	25	1531092241	37761	5059	43899	22	1	1034	256	64	192	192	64	0	768	768
lambda_chain	naive-r3	64	26	1532691462	38814	5480	43899	22	1	1034	256	64	192	192	64	0	768	768
lambda_chain	naive-r3	64	27	1534583710	38332	5300	43899	22	1	1034	256	64	192	192	64	0	768	768
lambda_chain	naive-r3	64	28	1534618998	39054	4769	43899	22	1	1034	256	64	192	192	64	0	768	768
lambda_chain	naive-r3	64	29	1532787114	37942	5420	43899	22	1	1034	256	64	192	192	64	0	768	768
lambda_chain	naive-r3	64	30	1534679081	38824	5230	43899	22	1	1034	256	64	192	192	64	0	768	768
lambda_chain	naive-r3	64	31	1535283307	37000	5671	43899	22	1	1034	256	64	192	192	64	0	768	768
lambda_chain	naive-r3	64	32	1532275704	38563	4979	43899	22	1	1034	256	64	192	192	64	0	768	768
lambda_chain	naive-r3	64	33	1532660003	37000	5942	43899	22	1	1034	256	64	192	192	64	0	768	768
lambda_chain	naive-r3	64	34	1535004678	38943	5641	43899	22	1	1034	256	64	192	192	64	0	768	768
lambda_chain	naive-r3	64	35	1534509159	38063	5190	43899	22	1	1034	256	64	192	192	64	0	768	768
lambda_chain	naive-r3	64	36	1535364551	38112	5120	43899	22	1	1034	256	64	192	192	64	0	768	768
lambda_chain	naive-r3	64	37	1536507578	37411	4909	43899	22	1	1034	256	64	192	192	64	0	768	768
lambda_chain	naive-r3	64	38	1533542937	38543	5240	43899	22	1	1034	256	64	192	192	64	0	768	768
lambda_chain	naive-r3	64	39	1534352662	38724	5300	43899	22	1	1034	256	64	192	192	64	0	768	768
lambda_chain	naive-r3	64	40	1534282599	40217	5230	43899	22	1	1034	256	64	192	192	64	0	768	768
lambda_chain	naive-r3	64	41	1534649825	38893	5431	43899	22	1	1034	256	64	192	192	64	0	768	768
lambda_chain	naive-r3	64	42	1534037595	39324	4939	43899	22	1	1034	256	64	192	192	64	0	768	768
lambda_chain	naive-r3	64	43	1535806228	36990	5420	43899	22	1	1034	256	64	192	192	64	0	768	768
lambda_chain	naive-r3	64	44	1531476438	38062	5621	43899	22	1	1034	256	64	192	192	64	0	768	768
lambda_chain	naive-r3	64	45	1530285060	39024	5591	43899	22	1	1034	256	64	192	192	64	0	768	768
lambda_chain	naive-r3	64	46	1534199051	39204	5250	43899	22	1	1034	256	64	192	192	64	0	768	768
lambda_chain	naive-r3	64	47	1534910490	38112	5180	43899	22	1	1034	256	64	192	192	64	0	768	768
lambda_chain	naive-r3	64	48	1532897883	37461	5721	43899	22	1	1034	256	64	192	192	64	0	768	768
lambda_chain	naive-r3	64	49	1539144728	45076	5240	43899	22	1	1034	256	64	192	192	64	0	768	768
lambda_chain	naive-r3	64	50	1536658965	38513	5029	43899	22	1	1034	256	64	192	192	64	0	768	768
lambda_chain	naive-r3	64	51	1533368657	38543	5691	43899	22	1	1034	256	64	192	192	64	0	768	768
lambda_chain	naive-r3	64	52	1536008551	40247	5360	43899	22	1	1034	256	64	192	192	64	0	768	768
lambda_chain	naive-r3	64	53	1542419087	38182	5160	43899	22	1	1034	256	64	192	192	64	0	768	768
lambda_chain	naive-r3	8	3	41154721	63401	5360	16925	22	1	138	32	8	24	24	8	0	96	96
lambda_chain	naive-r3	8	4	42960956	46959	5330	16925	22	1	138	32	8	24	24	8	0	96	96
lambda_chain	naive-r3	8	5	40482838	41368	5821	16925	22	1	138	32	8	24	24	8	0	96	96
lambda_chain	naive-r3	8	6	40119639	51558	5631	16925	22	1	138	32	8	24	24	8	0	96	96
lambda_chain	naive-r3	8	7	39647573	69101	5440	16925	22	1	138	32	8	24	24	8	0	96	96
lambda_chain	naive-r3	8	8	39247455	46358	4789	16925	22	1	138	32	8	24	24	8	0	96	96
lambda_chain	naive-r3	8	9	41191441	48762	6773	16925	22	1	138	32	8	24	24	8	0	96	96
lambda_chain	naive-r3	8	10	40743512	53432	5460	16925	22	1	138	32	8	24	24	8	0	96	96
lambda_chain	naive-r3	8	11	40818764	100129	5009	16925	22	1	138	32	8	24	24	8	0	96	96
lambda_chain	naive-r3	8	12	41098565	46488	7133	16925	22	1	138	32	8	24	24	8	0	96	96
lambda_chain	naive-r3	8	13	40142312	79821	5570	16925	22	1	138	32	8	24	24	8	0	96	96
lambda_chain	naive-r3	8	14	40269974	60535	6222	16925	22	1	138	32	8	24	24	8	0	96	96
lambda_chain	naive-r3	8	15	40480523	54032	5240	16925	22	1	138	32	8	24	24	8	0	96	96
lambda_chain	naive-r3	8	16	41453658	44996	5771	16925	22	1	138	32	8	24	24	8	0	96	96
lambda_chain	naive-r3	8	17	41242468	46549	7073	16925	22	1	138	32	8	24	24	8	0	96	96
lambda_chain	naive-r3	8	18	41487492	63040	5099	16925	22	1	138	32	8	24	24	8	0	96	96
lambda_chain	naive-r3	8	19	43741145	48492	5119	16925	22	1	138	32	8	24	24	8	0	96	96
lambda_chain	naive-r3	8	20	40156730	44534	5170	16925	22	1	138	32	8	24	24	8	0	96	96
lambda_chain	naive-r3	8	21	40467729	45877	11232	16925	22	1	138	32	8	24	24	8	0	96	96
lambda_chain	naive-r3	8	22	41223632	94389	14337	16925	22	1	138	32	8	24	24	8	0	96	96
lambda_chain	naive-r3	8	23	41796218	47059	8506	16925	22	1	138	32	8	24	24	8	0	96	96
lambda_chain	naive-r3	8	24	43344574	65274	9428	16925	22	1	138	32	8	24	24	8	0	96	96
lambda_chain	naive-r3	8	25	42536491	226129	6131	16925	22	1	138	32	8	24	24	8	0	96	96
lambda_chain	naive-r3	8	26	40879830	48362	5481	16925	22	1	138	32	8	24	24	8	0	96	96
lambda_chain	naive-r3	8	27	41406840	58731	5650	16925	22	1	138	32	8	24	24	8	0	96	96
lambda_chain	naive-r3	8	28	41365872	57759	8116	16925	22	1	138	32	8	24	24	8	0	96	96
lambda_chain	naive-r3	8	29	41763806	69241	4989	16925	22	1	138	32	8	24	24	8	0	96	96
lambda_chain	naive-r3	8	30	40529426	96162	5070	16925	22	1	138	32	8	24	24	8	0	96	96
lambda_chain	naive-r3	8	31	39893901	43853	5571	16925	22	1	138	32	8	24	24	8	0	96	96
lambda_chain	naive-r3	8	32	40169384	55395	4899	16925	22	1	138	32	8	24	24	8	0	96	96
lambda_chain	naive-r3	8	33	41231217	43202	4779	16925	22	1	138	32	8	24	24	8	0	96	96
lambda_chain	naive-r3	8	34	42069957	64723	5730	16925	22	1	138	32	8	24	24	8	0	96	96
lambda_chain	naive-r3	8	35	39061522	44104	5240	16925	22	1	138	32	8	24	24	8	0	96	96
lambda_chain	naive-r3	8	36	40528775	46408	5781	16925	22	1	138	32	8	24	24	8	0	96	96
lambda_chain	naive-r3	8	37	40456427	61817	5821	16925	22	1	138	32	8	24	24	8	0	96	96
lambda_chain	naive-r3	8	38	39704242	44724	4879	16925	22	1	138	32	8	24	24	8	0	96	96
lambda_chain	naive-r3	8	39	39280738	48382	6452	16925	22	1	138	32	8	24	24	8	0	96	96
lambda_chain	naive-r3	8	40	43158531	90562	8036	16925	22	1	138	32	8	24	24	8	0	96	96
lambda_chain	naive-r3	8	41	41738468	53251	6502	16925	22	1	138	32	8	24	24	8	0	96	96
lambda_chain	naive-r3	8	42	44440111	72548	5370	16925	22	1	138	32	8	24	24	8	0	96	96
lambda_chain	naive-r3	8	43	42082040	44835	12574	16925	22	1	138	32	8	24	24	8	0	96	96
lambda_chain	naive-r3	8	44	42962239	57169	5430	16925	22	1	138	32	8	24	24	8	0	96	96
lambda_chain	naive-r3	8	45	41603192	48181	5701	16925	22	1	138	32	8	24	24	8	0	96	96
lambda_chain	naive-r3	8	46	41634150	63461	5911	16925	22	1	138	32	8	24	24	8	0	96	96
lambda_chain	naive-r3	8	47	42257683	55105	5831	16925	22	1	138	32	8	24	24	8	0	96	96
lambda_chain	naive-r3	8	48	41102562	51648	5831	16925	22	1	138	32	8	24	24	8	0	96	96
lambda_chain	naive-r3	8	49	40701842	51739	6362	16925	22	1	138	32	8	24	24	8	0	96	96
lambda_chain	naive-r3	8	50	41678334	49735	6151	16925	22	1	138	32	8	24	24	8	0	96	96
lambda_chain	naive-r3	8	51	41096952	46348	6903	16925	22	1	138	32	8	24	24	8	0	96	96
lambda_chain	naive-r3	8	52	40708015	49143	4879	16925	22	1	138	32	8	24	24	8	0	96	96
lambda_chain	naive-r3	8	53	39697388	42621	4909	16925	22	1	138	32	8	24	24	8	0	96	96
lambda_chain	sa	16	3	357053643	1296206	365133	582720	728	16	2360	472	16	48	0	16	136	808	808
lambda_chain	sa	16	4	334156027	1048098	410311	582720	728	16	2360	472	16	48	0	16	136	808	808
lambda_chain	sa	16	5	344733954	966742	457668	582720	728	16	2360	472	16	48	0	16	136	808	808
lambda_chain	sa	16	6	332278459	1024492	347029	582720	728	16	2360	472	16	48	0	16	136	808	808
lambda_chain	sa	16	7	352401761	962134	420470	582720	728	16	2360	472	16	48	0	16	136	808	808
lambda_chain	sa	16	8	337507493	997561	344881	582720	728	16	2360	472	16	48	0	16	136	808	808
lambda_chain	sa	16	9	354405864	1352504	349242	582720	728	16	2360	472	16	48	0	16	136	808	808
lambda_chain	sa	16	10	348490979	1305557	357349	582720	728	16	2360	472	16	48	0	16	136	808	808
lambda_chain	sa	16	11	341984763	1044500	358045	582720	728	16	2360	472	16	48	0	16	136	808	808
lambda_chain	sa	16	12	338778883	937257	370611	582720	728	16	2360	472	16	48	0	16	136	808	808
lambda_chain	sa	16	13	328986235	797003	321938	582720	728	16	2360	472	16	48	0	16	136	808	808
lambda_chain	sa	16	14	333102463	874847	428924	582720	728	16	2360	472	16	48	0	16	136	808	808
lambda_chain	sa	16	15	328574235	1067868	358780	582720	728	16	2360	472	16	48	0	16	136	808	808
lambda_chain	sa	16	16	349641277	1227004	335437	582720	728	16	2360	472	16	48	0	16	136	808	808
lambda_chain	sa	16	17	336206093	994508	330767	582720	728	16	2360	472	16	48	0	16	136	808	808
lambda_chain	sa	16	18	341986163	981842	371493	582720	728	16	2360	472	16	48	0	16	136	808	808
lambda_chain	sa	16	19	346493791	1026397	379168	582720	728	16	2360	472	16	48	0	16	136	808	808
lambda_chain	sa	16	20	330099006	1085467	334953	582720	728	16	2360	472	16	48	0	16	136	808	808
lambda_chain	sa	16	21	329316414	972311	318033	582720	728	16	2360	472	16	48	0	16	136	808	808
lambda_chain	sa	16	22	339277935	802492	323702	582720	728	16	2360	472	16	48	0	16	136	808	808
lambda_chain	sa	16	23	324252829	779229	316470	582720	728	16	2360	472	16	48	0	16	136	808	808
lambda_chain	sa	16	24	341069307	987754	396071	582720	728	16	2360	472	16	48	0	16	136	808	808
lambda_chain	sa	16	25	327533401	929983	336035	582720	728	16	2360	472	16	48	0	16	136	808	808
lambda_chain	sa	16	26	327577274	962443	326760	582720	728	16	2360	472	16	48	0	16	136	808	808
lambda_chain	sa	16	27	342176357	814775	345311	582720	728	16	2360	472	16	48	0	16	136	808	808
lambda_chain	sa	16	28	330052669	994335	329684	582720	728	16	2360	472	16	48	0	16	136	808	808
lambda_chain	sa	16	29	330242841	778633	348361	582720	728	16	2360	472	16	48	0	16	136	808	808
lambda_chain	sa	16	30	322193676	879738	319748	582720	728	16	2360	472	16	48	0	16	136	808	808
lambda_chain	sa	16	31	330024784	774149	382917	582720	728	16	2360	472	16	48	0	16	136	808	808
lambda_chain	sa	16	32	329052922	909743	330978	582720	728	16	2360	472	16	48	0	16	136	808	808
lambda_chain	sa	16	33	325804162	949769	346916	582720	728	16	2360	472	16	48	0	16	136	808	808
lambda_chain	sa	16	34	305842106	639730	298485	582720	728	16	2360	472	16	48	0	16	136	808	808
lambda_chain	sa	16	35	307113814	633619	293875	582720	728	16	2360	472	16	48	0	16	136	808	808
lambda_chain	sa	16	36	326751558	857446	331831	582720	728	16	2360	472	16	48	0	16	136	808	808
lambda_chain	sa	16	37	312702811	756215	309627	582720	728	16	2360	472	16	48	0	16	136	808	808
lambda_chain	sa	16	38	311333035	719142	307863	582720	728	16	2360	472	16	48	0	16	136	808	808
lambda_chain	sa	16	39	319646107	856165	307700	582720	728	16	2360	472	16	48	0	16	136	808	808
lambda_chain	sa	16	40	313502708	726475	339542	582720	728	16	2360	472	16	48	0	16	136	808	808
lambda_chain	sa	16	41	311095393	668778	296961	582720	728	16	2360	472	16	48	0	16	136	808	808
lambda_chain	sa	16	42	311717842	760092	307306	582720	728	16	2360	472	16	48	0	16	136	808	808
lambda_chain	sa	16	43	317224154	645913	302093	582720	728	16	2360	472	16	48	0	16	136	808	808
lambda_chain	sa	16	44	322535964	657457	310279	582720	728	16	2360	472	16	48	0	16	136	808	808
lambda_chain	sa	16	45	315025718	682242	299907	582720	728	16	2360	472	16	48	0	16	136	808	808
lambda_chain	sa	16	46	317006863	765303	312469	582720	728	16	2360	472	16	48	0	16	136	808	808
lambda_chain	sa	16	47	314159905	878063	305830	582720	728	16	2360	472	16	48	0	16	136	808	808
lambda_chain	sa	16	48	305075690	615568	311718	582720	728	16	2360	472	16	48	0	16	136	808	808
lambda_chain	sa	16	49	310546411	643813	307823	582720	728	16	2360	472	16	48	0	16	136	808	808
lambda_chain	sa	16	50	309202512	744952	304618	582720	728	16	2360	472	16	48	0	16	136	808	808
lambda_chain	sa	16	51	309062848	693947	300448	582720	728	16	2360	472	16	48	0	16	136	808	808
lambda_chain	sa	16	52	316962387	868609	313343	582720	728	16	2360	472	16	48	0	16	136	808	808
lambda_chain	sa	16	53	314343594	672394	316280	582720	728	16	2360	472	16	48	0	16	136	808	808
lambda_chain	sa	2	3	10589999	98247	39566	31540	49	2	85	17	2	6	0	2	3	31	31
lambda_chain	sa	2	4	10232361	87276	9669	31540	49	2	85	17	2	6	0	2	3	31	31
lambda_chain	sa	2	5	10821598	84581	10570	31540	49	2	85	17	2	6	0	2	3	31	31
lambda_chain	sa	2	6	9927623	78509	9379	31540	49	2	85	17	2	6	0	2	3	31	31
lambda_chain	sa	2	7	10017093	76425	9407	31540	49	2	85	17	2	6	0	2	3	31	31
lambda_chain	sa	2	8	9933945	73169	8977	31540	49	2	85	17	2	6	0	2	3	31	31
lambda_chain	sa	2	9	10124727	83899	12293	31540	49	2	85	17	2	6	0	2	3	31	31
lambda_chain	sa	2	10	9873741	75924	9097	31540	49	2	85	17	2	6	0	2	3	31	31
lambda_chain	sa	2	11	9983359	76505	9128	31540	49	2	85	17	2	6	0	2	3	31	31
lambda_chain	sa	2	12	10280211	82437	11702	31540	49	2	85	17	2	6	0	2	3	31	31
lambda_chain	sa	2	13	10331951	85211	10430	31540	49	2	85	17	2	6	0	2	3	31	31
lambda_chain	sa	2	14	10384980	88187	11020	31540	49	2	85	17	2	6	0	2	3	31	31
lambda_chain	sa	2	15	10276836	81685	10971	31540	49	2	85	17	2	6	0	2	3	31	31
lambda_chain	sa	2	16	10131279	81004	9358	31540	49	2	85	17	2	6	0	2	3	31	31
lambda_chain	sa	2	17	9871117	74491	9408	31540	49	2	85	17	2	6	0	2	3	31	31
lambda_chain	sa	2	18	10215779	92125	10660	31540	49	2	85	17	2	6	0	2	3	31	31
lambda_chain	sa	2	19	10132070	84510	10189	31540	49	2	85	17	2	6	0	2	3	31	31
lambda_chain	sa	2	20	10070393	77908	10229	31540	49	2	85	17	2	6	0	2	3	31	31
lambda_chain	sa	2	21	10101783	80493	9749	31540	49	2	85	17	2	6	0	2	3	31	31
lambda_chain	sa	2	22	10325317	88538	12505	31540	49	2	85	17	2	6	0	2	3	31	31
lambda_chain	sa	2	23	10022823	83900	10510	31540	49	2	85	17	2	6	0	2	3	31	31
lambda_chain	sa	2	24	9735549	74931	9067	31540	49	2	85	17	2	6	0	2	3	31	31
lambda_chain	sa	2	25	10047311	84701	9167	31540	49	2	85	17	2	6	0	2	3	31	31
lambda_chain	sa	2	26	9900452	74492	9167	31540	49	2	85	17	2	6	0	2	3	31	31
lambda_chain	sa	2	27	9903037	77656	9097	31540	49	2	85	17	2	6	0	2	3	31	31
lambda_chain	sa	2	28	10127392	81865	12483	31540	49	2	85	17	2	6	0	2	3	31	31
lambda_chain	sa	2	29	10109438	94449	10499	31540	49	2	85	17	2	6	0	2	3	31	31
lambda_chain	sa	2	30	10310690	91624	12383	31540	49	2	85	17	2	6	0	2	3	31	31
lambda_chain	sa	2	31	10178458	93227	10000	31540	49	2	85	17	2	6	0	2	3	31	31
lambda_chain	sa	2	32	10221550	94009	10621	31540	49	2	85	17	2	6	0	2	3	31	31
lambda_chain	sa	2	33	9739778	78589	8957	31540	49	2	85	17	2	6	0	2	3	31	31
lambda_chain	sa	2	34	10189620	79931	9708	31540	49	2	85	17	2	6	0	2	3	31	31
lambda_chain	sa	2	35	10325037	82938	10128	31540	49	2	85	17	2	6	0	2	3	31	31
lambda_chain	sa	2	36	9968660	86725	9949	31540	49	2	85	17	2	6	0	2	3	31	31
lambda_chain	sa	2	37	10144444	78459	11281	31540	49	2	85	17	2	6	0	2	3	31	31
lambda_chain	sa	2	38	10225508	79120	9388	31540	49	2	85	17	2	6	0	2	3	31	31
lambda_chain	sa	2	39	10274020	79120	9178	31540	49	2	85	17	2	6	0	2	3	31	31
lambda_chain	sa	2	40	10737309	88618	10611	31540	49	2	85	17	2	6	0	2	3	31	31
lambda_chain	sa	2	41	10487444	87195	10600	31540	49	2	85	17	2	6	0	2	3	31	31
lambda_chain	sa	2	42	10480662	80162	9708	31540	49	2	85	17	2	6	0	2	3	31	31
lambda_chain	sa	2	43	10540405	79190	9347	31540	49	2	85	17	2	6	0	2	3	31	31
lambda_chain	sa	2	44	10584850	92496	10811	31540	49	2	85	17	2	6	0	2	3	31	31
lambda_chain	sa	2	45	10565272	81084	9718	31540	49	2	85	17	2	6	0	2	3	31	31
lambda_chain	sa	2	46	10539034	78699	9459	31540	49	2	85	17	2	6	0	2	3	31	31
lambda_chain	sa	2	47	10663198	82366	16601	31540	49	2	85	17	2	6	0	2	3	31	31
lambda_chain	sa	2	48	10561084	82015	9758	31540	49	2	85	17	2	6	0	2	3	31	31
lambda_chain	sa	2	49	10551697	81735	19437	31540	49	2	85	17	2	6	0	2	3	31	31
lambda_chain	sa	2	50	10807713	93638	11953	31540	49	2	85	17	2	6	0	2	3	31	31
lambda_chain	sa	2	51	10754231	80943	11352	31540	49	2	85	17	2	6	0	2	3	31	31
lambda_chain	sa	2	52	10708193	87556	11071	31540	49	2	85	17	2	6	0	2	3	31	31
lambda_chain	sa	2	53	10871262	91564	13144	31540	49	2	85	17	2	6	0	2	3	31	31
lambda_chain	sa	32	3	1490571111	1642492	1220887	1920640	2224	32	8560	1712	32	96	0	32	528	2896	2896
lambda_chain	sa	32	4	1497038140	1400877	1142236	1920640	2224	32	8560	1712	32	96	0	32	528	2896	2896
lambda_chain	sa	32	5	1463395963	1490048	1161794	1920640	2224	32	8560	1712	32	96	0	32	528	2896	2896
lambda_chain	sa	32	6	1472302282	1735611	1153981	1920640	2224	32	8560	1712	32	96	0	32	528	2896	2896
lambda_chain	sa	32	7	1453915723	1532005	1164846	1920640	2224	32	8560	1712	32	96	0	32	528	2896	2896
lambda_chain	sa	32	8	1464526201	1492594	1152635	1920640	2224	32	8560	1712	32	96	0	32	528	2896	2896
lambda_chain	sa	32	9	1479481745	1524040	1124215	1920640	2224	32	8560	1712	32	96	0	32	528	2896	2896
lambda_chain	sa	32	10	1448997934	1433529	1132106	1920640	2224	32	8560	1712	32	96	0	32	528	2896	2896
lambda_chain	sa	32	11	1444235045	1433088	1143874	1920640	2224	32	8560	1712	32	96	0	32	528	2896	2896
lambda_chain	sa	32	12	1451130902	1720041	1146236	1920640	2224	32	8560	1712	32	96	0	32	528	2896	2896
lambda_chain	sa	32	13	1447700695	1524811	1128484	1920640	2224	32	8560	1712	32	96	0	32	528	2896	2896
lambda_chain	sa	32	14	1430833244	1335453	1103191	1920640	2224	32	8560	1712	32	96	0	32	528	2896	2896
lambda_chain	sa	32	15	1446085054	1357832	1115725	1920640	2224	32	8560	1712	32	96	0	32	528	2896	2896
lambda_chain	sa	32	16	1425898530	1298644	1122406	1920640	2224	32	8560	1712	32	96	0	32	528	2896	2896
lambda_chain	sa	32	17	1413527612	1228181	1089615	1920640	2224	32	8560	1712	32	96	0	32	528	2896	2896
lambda_chain	sa	32	18	1411435448	1187461	1074110	1920640	2224	32	8560	1712	32	96	0	32	528	2896	2896
lambda_chain	sa	32	19	1414365771	1335602	1099465	1920640	2224	32	8560	1712	32	96	0	32	528	2896	2896
lambda_chain	sa	32	20	1418904134	1332268	1108706	1920640	2224	32	8560	1712	32	96	0	32	528	2896	2896
lambda_chain	sa	32	21	1420306737	1335181	1103098	1920640	2224	32	8560	1712	32	96	0	32	528	2896	2896
lambda_chain	sa	32	22	1415687935	1271714	1105072	1920640	2224	32	8560	1712	32	96	0	32	528	2896	2896
lambda_chain	sa	32	23	1417713587	1344119	1098002	1920640	2224	32	8560	1712	32	96	0	32	528	2896	2896
lambda_chain	sa	32	24	1434694711	1408208	1118154	1920640	2224	32	8560	1712	32	96	0	32	528	2896	2896
lambda_chain	sa	32	25	1437713111	1536033	1142838	1920640	2224	32	8560	1712	32	96	0	32	528	2896	2896
lambda_chain	sa	32	26	1417689003	1332211	1104031	1920640	2224	32	8560	1712	32	96	0	32	528	2896	2896
lambda_chain	sa	32	27	1427367452	1382493	1250491	1920640	2224	32	8560	1712	32	96	0	32	528	2896	2896
lambda_chain	sa	32	28	1432595374	1377280	1103821	1920640	2224	32	8560	1712	32	96	0	32	528	2896	2896
lambda_chain	sa	32	29	1431392624	1797706	1114497	1920640	2224	32	8560	1712	32	96	0	32	528	2896	2896
lambda_chain	sa	32	30	1422609407	1308903	1218641	1920640	2224	32	8560	1712	32	96	0	32	528	2896	2896
lambda_chain	sa	32	31	1417904869	1287133	1083786	1920640	2224	32	8560	1712	32	96	0	32	528	2896	2896
lambda_chain	sa	32	32	1426016593	1308399	1099418	1920640	2224	32	8560	1712	32	96	0	32	528	2896	2896
lambda_chain	sa	32	33	1428975760	1357974	1121577	1920640	2224	32	8560	1712	32	96	0	32	528	2896	2896
lambda_chain	sa	32	34	1437847424	1462492	1138047	1920640	2224	32	8560	1712	32	96	0	32	528	2896	2896
lambda_chain	sa	32	35	1442087665	1430673	1163177	1920640	2224	32	8560	1712	32	96	0	32	528	2896	2896
lambda_chain	sa	32	36	1435296166	1423078	1146138	1920640	2224	32	8560	1712	32	96	0	32	528	2896	2896
lambda_chain	sa	32	37	1444651692	1535165	1160019	1920640	2224	32	8560	1712	32	96	0	32	528	2896	2896
lambda_chain	sa	32	38	1432433359	1400213	1149779	1920640	2224	32	8560	1712	32	96	0	32	528	2896	2896
lambda_chain	sa	32	39	1430782621	1454028	1109871	1920640	2224	32	8560	1712	32	96	0	32	528	2896	2896
lambda_chain	sa	32	40	1434888260	1454889	1141904	1920640	2224	32	8560	1712	32	96	0	32	528	2896	2896
lambda_chain	sa	32	41	1425573190	1408569	1144169	1920640	2224	32	8560	1712	32	96	0	32	528	2896	2896
lambda_chain	sa	32	42	1432048596	1344100	1242999	1920640	2224	32	8560	1712	32	96	0	32	528	2896	2896
lambda_chain	sa	32	43	1438526960	1366811	1117786	1920640	2224	32	8560	1712	32	96	0	32	528	2896	2896
lambda_chain	sa	32	44	1426421245	1365419	1110095	1920640	2224	32	8560	1712	32	96	0	32	528	2896	2896
lambda_chain	sa	32	45	1420161831	1348975	1096656	1920640	2224	32	8560	1712	32	96	0	32	528	2896	2896
lambda_chain	sa	32	46	1437540560	1553778	1146793	1920640	2224	32	8560	1712	32	96	0	32	528	2896	2896
lambda_chain	sa	32	47	1446043508	1543297	1172584	1920640	2224	32	8560	1712	32	96	0	32	528	2896	2896
lambda_chain	sa	32	48	1434191686	1436263	1125289	1920640	2224	32	8560	1712	32	96	0	32	528	2896	2896
lambda_chain	sa	32	49	1433276935	1537516	1130719	1920640	2224	32	8560	1712	32	96	0	32	528	2896	2896
lambda_chain	sa	32	50	1460832426	1497691	1207481	1920640	2224	32	8560	1712	32	96	0	32	528	2896	2896
lambda_chain	sa	32	51	1438709798	1434101	1119690	1920640	2224	32	8560	1712	32	96	0	32	528	2896	2896
lambda_chain	sa	32	52	1428533273	1374226	1119299	1920640	2224	32	8560	1712	32	96	0	32	528	2896	2896
lambda_chain	sa	32	53	1436322456	1508963	1136810	1920640	2224	32	8560	1712	32	96	0	32	528	2896	2896
lambda_chain	sa	4	3	26690606	171194	29727	74880	110	4	230	46	4	12	0	4	10	82	82
lambda_chain	sa	4	4	28622029	228023	36108	74880	110	4	230	46	4	12	0	4	10	82	82
lambda_chain	sa	4	5	30026883	252309	33764	74880	110	4	230	46	4	12	0	4	10	82	82
lambda_chain	sa	4	6	27603206	191813	38091	74880	110	4	230	46	4	12	0	4	10	82	82
lambda_chain	sa	4	7	26998321	197464	31188	74880	110	4	230	46	4	12	0	4	10	82	82
lambda_chain	sa	4	8	29134089	217304	31681	74880	110	4	230	46	4	12	0	4	10	82	82
lambda_chain	sa	4	9	28261234	173209	38404	74880	110	4	230	46	4	12	0	4	10	82	82
lambda_chain	sa	4	10	27304730	189381	29476	74880	110	4	230	46	4	12	0	4	10	82	82
lambda_chain	sa	4	11	26826654	160226	34275	74880	110	4	230	46	4	12	0	4	10	82	82
lambda_chain	sa	4	12	30184773	277926	88527	74880	110	4	230	46	4	12	0	4	10	82	82
lambda_chain	sa	4	13	28798012	218424	47629	74880	110	4	230	46	4	12	0	4	10	82	82
lambda_chain	sa	4	14	27169434	193849	30198	74880	110	4	230	46	4	12	0	4	10	82	82
lambda_chain	sa	4	15	27714237	206411	37390	74880	110	4	230	46	4	12	0	4	10	82	82
lambda_chain	sa	4	16	27154926	251016	30487	74880	110	4	230	46	4	12	0	4	10	82	82
lambda_chain	sa	4	17	26554649	170315	30779	74880	110	4	230	46	4	12	0	4	10	82	82
lambda_chain	sa	4	18	26417359	158060	30086	74880	110	4	230	46	4	12	0	4	10	82	82
lambda_chain	sa	4	19	25848450	168720	35786	74880	110	4	230	46	4	12	0	4	10	82	82
lambda_chain	sa	4	20	26266262	160114	31751	74880	110	4	230	46	4	12	0	4	10	82	82
lambda_chain	sa	4	21	26288084	155145	28033	74880	110	4	230	46	4	12	0	4	10	82	82
lambda_chain	sa	4	22	26145693	162639	27882	74880	110	4	230	46	4	12	0	4	10	82	82
lambda_chain	sa	4	23	26373475	168300	29526	74880	110	4	230	46	4	12	0	4	10	82	82
lambda_chain	sa	4	24	26306469	172257	31069	74880	110	4	230	46	4	12	0	4	10	82	82
lambda_chain	sa	4	25	26634641	169961	30399	74880	110	4	230	46	4	12	0	4	10	82	82
lambda_chain	sa	4	26	26658426	176145	36949	74880	110	4	230	46	4	12	0	4	10	82	82
lambda_chain	sa	4	27	25699769	153491	27502	74880	110	4	230	46	4	12	0	4	10	82	82
lambda_chain	sa	4	28	26685678	173008	32521	74880	110	4	230	46	4	12	0	4	10	82	82
lambda_chain	sa	4	29	29734538	288808	55705	74880	110	4	230	46	4	12	0	4	10	82	82
lambda_chain	sa	4	30	32026013	270072	45515	74880	110	4	230	46	4	12	0	4	10	82	82
lambda_chain	sa	4	31	27648393	204788	36079	74880	110	4	230	46	4	12	0	4	10	82	82
lambda_chain	sa	4	32	26113502	176284	30336	74880	110	4	230	46	4	12	0	4	10	82	82
lambda_chain	sa	4	33	26695507	160575	38762	74880	110	4	230	46	4	12	0	4	10	82	82
lambda_chain	sa	4	34	26986637	177567	30970	74880	110	4	230	46	4	12	0	4	10	82	82
lambda_chain	sa	4	35	27526270	191814	34986	74880	110	4	230	46	4	12	0	4	10	82	82
lambda_chain	sa	4	36	28337189	227562	36599	74880	110	4	230	46	4	12	0	4	10	82	82
lambda_chain	sa	4	37	27335300	204407	33663	74880	110	4	230	46	4	12	0	4	10	82	82
lambda_chain	sa	4	38	27751087	201602	41198	74880	110	4	230	46	4	12	0	4	10	82	82
lambda_chain	sa	4	39	28420557	248411	38052	74880	110	4	230	46	4	12	0	4	10	82	82
lambda_chain	sa	4	40	27051120	190371	33945	74880	110	4	230	46	4	12	0	4	10	82	82
lambda_chain	sa	4	41	31172054	255465	54614	74880	110	4	230	46	4	12	0	4	10	82	82
lambda_chain	sa	4	42	27995030	220298	32842	74880	110	4	230	46	4	12	0	4	10	82	82
lambda_chain	sa	4	43	26962463	185731	33092	74880	110	4	230	46	4	12	0	4	10	82	82
lambda_chain	sa	4	44	26178787	162419	29516	74880	110	4	230	46	4	12	0	4	10	82	82
lambda_chain	sa	4	45	26572033	159822	30808	74880	110	4	230	46	4	12	0	4	10	82	82
lambda_chain	sa	4	46	26879234	160234	28535	74880	110	4	230	46	4	12	0	4	10	82	82
lambda_chain	sa	4	47	27585974	209537	32050	74880	110	4	230	46	4	12	0	4	10	82	82
lambda_chain	sa	4	48	25998645	158581	27793	74880	110	4	230	46	4	12	0	4	10	82	82
lambda_chain	sa	4	49	25856504	148432	26569	74880	110	4	230	46	4	12	0	4	10	82	82
lambda_chain	sa	4	50	28433241	241278	31709	74880	110	4	230	46	4	12	0	4	10	82	82
lambda_chain	sa	4	51	30059444	255224	32892	74880	110	4	230	46	4	12	0	4	10	82	82
lambda_chain	sa	4	52	25469702	146188	26019	74880	110	4	230	46	4	12	0	4	10	82	82
lambda_chain	sa	4	53	25354502	143753	26360	74880	110	4	230	46	4	12	0	4	10	82	82
lambda_chain	sa	64	3	8157119095	3486246	4408353	6862080	7520	64	32480	6496	64	192	0	64	2080	10912	10912
lambda_chain	sa	64	4	8195835556	3703783	4567076	6862080	7520	64	32480	6496	64	192	0	64	2080	10912	10912
lambda_chain	sa	64	5	8328506451	4258363	4851574	6862080	7520	64	32480	6496	64	192	0	64	2080	10912	10912
lambda_chain	sa	64	6	8336467559	3783358	4937762	6862080	7520	64	32480	6496	64	192	0	64	2080	10912	10912
lambda_chain	sa	64	7	8318595659	4005664	4664178	6862080	7520	64	32480	6496	64	192	0	64	2080	10912	10912
lambda_chain	sa	64	8	8203488344	3778790	4511985	6862080	7520	64	32480	6496	64	192	0	64	2080	10912	10912
lambda_chain	sa	64	9	8198424974	3574041	4412844	6862080	7520	64	32480	6496	64	192	0	64	2080	10912	10912
lambda_chain	sa	64	10	8166250848	3193292	4410320	6862080	7520	64	32480	6496	64	192	0	64	2080	10912	10912
lambda_chain	sa	64	11	8183908873	3618861	4377629	6862080	7520	64	32480	6496	64	192	0	64	2080	10912	10912
lambda_chain	sa	64	12	8295631178	3760759	5313694	6862080	7520	64	32480	6496	64	192	0	64	2080	10912	10912
lambda_chain	sa	64	13	8290988093	3567215	4475622	6862080	7520	64	32480	6496	64	192	0	64	2080	10912	10912
lambda_chain	sa	64	14	8343866453	3981450	4905694	6862080	7520	64	32480	6496	64	192	0	64	2080	10912	10912
lambda_chain	sa	64	15	8203181425	3499094	4905847	6862080	7520	64	32480	6496	64	192	0	64	2080	10912	10912
lambda_chain	sa	64	16	8265469994	3644892	5691782	6862080	7520	64	32480	6496	64	192	0	64	2080	10912	10912
lambda_chain	sa	64	17	8262146259	3553682	4840186	6862080	7520	64	32480	6496	64	192	0	64	2080	10912	10912
lambda_chain	sa	64	18	8254414686	3696507	5726101	6862080	7520	64	32480	6496	64	192	0	64	2080	10912	10912
lambda_chain	sa	64	19	8077227614	3152056	4800774	6862080	7520	64	32480	6496	64	192	0	64	2080	10912	10912
lambda_chain	sa	64	20	8084790728	3146001	4365246	6862080	7520	64	32480	6496	64	192	0	64	2080	10912	10912
lambda_chain	sa	64	21	8081578315	3125088	4359021	6862080	7520	64	32480	6496	64	192	0	64	2080	10912	10912
lambda_chain	sa	64	22	8060802982	3072266	4336277	6862080	7520	64	32480	6496	64	192	0	64	2080	10912	10912
lambda_chain	sa	64	23	8194100019	3438591	4580631	6862080	7520	64	32480	6496	64	192	0	64	2080	10912	10912
lambda_chain	sa	64	24	8129705064	3164991	4507057	6862080	7520	64	32480	6496	64	192	0	64	2080	10912	10912
lambda_chain	sa	64	25	8108000469	3252113	4356756	6862080	7520	64	32480	6496	64	192	0	64	2080	10912	10912
lambda_chain	sa	64	26	8105784986	3419275	4378089	6862080	7520	64	32480	6496	64	192	0	64	2080	10912	10912
lambda_chain	sa	64	27	8081789328	3181091	4336557	6862080	7520	64	32480	6496	64	192	0	64	2080	10912	10912
lambda_chain	sa	64	28	8094306893	3180109	4393854	6862080	7520	64	32480	6496	64	192	0	64	2080	10912	10912
lambda_chain	sa	64	29	8142559821	3257175	4423578	6862080	7520	64	32480	6496	64	192	0	64	2080	10912	10912
lambda_chain	sa	64	30	8133606482	3162559	4349705	6862080	7520	64	32480	6496	64	192	0	64	2080	10912	10912
lambda_chain	sa	64	31	8130051384	3406546	4424966	6862080	7520	64	32480	6496	64	192	0	64	2080	10912	10912
lambda_chain	sa	64	32	8184826917	3552103	4541847	6862080	7520	64	32480	6496	64	192	0	64	2080	10912	10912
lambda_chain	sa	64	33	8226505328	3695318	4955109	6862080	7520	64	32480	6496	64	192	0	64	2080	10912	10912
lambda_chain	sa	64	34	8229879226	3473789	5358874	6862080	7520	64	32480	6496	64	192	0	64	2080	10912	10912
lambda_chain	sa	64	35	8219399335	3500600	4683530	6862080	7520	64	32480	6496	64	192	0	64	2080	10912	10912
lambda_chain	sa	64	36	8222301761	3776359	4735182	6862080	7520	64	32480	6496	64	192	0	64	2080	10912	10912
lambda_chain	sa	64	37	8232766108	4016995	5235487	6862080	7520	64	32480	6496	64	192	0	64	2080	10912	10912
lambda_chain	sa	64	38	8184923966	3295537	4591563	6862080	7520	64	32480	6496	64	192	0	64	2080	10912	10912
lambda_chain	sa	64	39	8218620547	3702585	4604822	6862080	7520	64	32480	6496	64	192	0	64	2080	10912	10912
lambda_chain	sa	64	40	8169100505	3413510	4431951	6862080	7520	64	32480	6496	64	192	0	64	2080	10912	10912
lambda_chain	sa	64	41	8166411634	3597512	4586785	6862080	7520	64	32480	6496	64	192	0	64	2080	10912	10912
lambda_chain	sa	64	42	8206898125	3721902	4528405	6862080	7520	64	32480	6496	64	192	0	64	2080	10912	10912
lambda_chain	sa	64	43	8258963276	3677966	4556809	6862080	7520	64	32480	6496	64	192	0	64	2080	10912	10912
lambda_chain	sa	64	44	8229628087	3649007	4489704	6862080	7520	64	32480	6496	64	192	0	64	2080	10912	10912
lambda_chain	sa	64	45	8293974093	3937140	4584342	6862080	7520	64	32480	6496	64	192	0	64	2080	10912	10912
lambda_chain	sa	64	46	8226280408	3675546	4533206	6862080	7520	64	32480	6496	64	192	0	64	2080	10912	10912
lambda_chain	sa	64	47	8347330994	4442888	4836092	6862080	7520	64	32480	6496	64	192	0	64	2080	10912	10912
lambda_chain	sa	64	48	8401677566	4484094	4823129	6862080	7520	64	32480	6496	64	192	0	64	2080	10912	10912
lambda_chain	sa	64	49	8527269280	4380453	5400728	6862080	7520	64	32480	6496	64	192	0	64	2080	10912	10912
lambda_chain	sa	64	50	8502444581	4322221	4745544	6862080	7520	64	32480	6496	64	192	0	64	2080	10912	10912
lambda_chain	sa	64	51	8451188934	4340017	5152079	6862080	7520	64	32480	6496	64	192	0	64	2080	10912	10912
lambda_chain	sa	64	52	8585379766	4352792	5364193	6862080	7520	64	32480	6496	64	192	0	64	2080	10912	10912
lambda_chain	sa	64	53	8464448779	4128117	4805360	6862080	7520	64	32480	6496	64	192	0	64	2080	10912	10912
lambda_chain	sa	8	3	82392221	324756	88809	196960	268	8	700	140	8	24	0	8	36	244	244
lambda_chain	sa	8	4	89368207	463018	106834	196960	268	8	700	140	8	24	0	8	36	244	244
lambda_chain	sa	8	5	88377149	387573	101212	196960	268	8	700	140	8	24	0	8	36	244	244
lambda_chain	sa	8	6	89603062	510588	124406	196960	268	8	700	140	8	24	0	8	36	244	244
lambda_chain	sa	8	7	92181030	674168	107425	196960	268	8	700	140	8	24	0	8	36	244	244
lambda_chain	sa	8	8	95698219	590890	97514	196960	268	8	700	140	8	24	0	8	36	244	244
lambda_chain	sa	8	9	82988971	364681	96532	196960	268	8	700	140	8	24	0	8	36	244	244
lambda_chain	sa	8	10	89576352	519225	103355	196960	268	8	700	140	8	24	0	8	36	244	244
lambda_chain	sa	8	11	85271316	349151	99721	196960	268	8	700	140	8	24	0	8	36	244	244
lambda_chain	sa	8	12	87192690	449260	100561	196960	268	8	700	140	8	24	0	8	36	244	244
lambda_chain	sa	8	13	84927807	408875	102394	196960	268	8	700	140	8	24	0	8	36	244	244
lambda_chain	sa	8	14	90348846	450583	94890	196960	268	8	700	140	8	24	0	8	36	244	244
lambda_chain	sa	8	15	83062601	372867	99890	196960	268	8	700	140	8	24	0	8	36	244	244
lambda_chain	sa	8	16	83302106	361484	95800	196960	268	8	700	140	8	24	0	8	36	244	244
lambda_chain	sa	8	17	85806243	346708	115009	196960	268	8	700	140	8	24	0	8	36	244	244
lambda_chain	sa	8	18	85230602	324454	91994	196960	268	8	700	140	8	24	0	8	36	244	244
lambda_chain	sa	8	19	84419965	418794	102222	196960	268	8	700	140	8	24	0	8	36	244	244
lambda_chain	sa	8	20	86218686	389948	106684	196960	268	8	700	140	8	24	0	8	36	244	244
lambda_chain	sa	8	21	82827196	383707	95369	196960	268	8	700	140	8	24	0	8	36	244	244
lambda_chain	sa	8	22	85696092	429826	108566	196960	268	8	700	140	8	24	0	8	36	244	244
lambda_chain	sa	8	23	84995425	400048	104137	196960	268	8	700	140	8	24	0	8	36	244	244
lambda_chain	sa	8	24	89299506	511852	114667	196960	268	8	700	140	8	24	0	8	36	244	244
lambda_chain	sa	8	25	87773032	358281	97996	196960	268	8	700	140	8	24	0	8	36	244	244
lambda_chain	sa	8	26	88961897	518272	109418	196960	268	8	700	140	8	24	0	8	36	244	244
lambda_chain	sa	8	27	84466814	352748	87464	196960	268	8	700	140	8	24	0	8	36	244	244
lambda_chain	sa	8	28	83005603	388436	95201	196960	268	8	700	140	8	24	0	8	36	244	244
lambda_chain	sa	8	29	85192038	449704	100430	196960	268	8	700	140	8	24	0	8	36	244	244
lambda_chain	sa	8	30	82669886	393465	93617	196960	268	8	700	140	8	24	0	8	36	244	244
lambda_chain	sa	8	31	82771548	372997	96071	196960	268	8	700	140	8	24	0	8	36	244	244
lambda_chain	sa	8	32	82974345	377465	94308	196960	268	8	700	140	8	24	0	8	36	244	244
lambda_chain	sa	8	33	86112136	376413	98446	196960	268	8	700	140	8	24	0	8	36	244	244
lambda_chain	sa	8	34	87300446	515458	99602	196960	268	8	700	140	8	24	0	8	36	244	244
lambda_chain	sa	8	35	85247952	381994	96181	196960	268	8	700	140	8	24	0	8	36	244	244
lambda_chain	sa	8	36	88486614	410958	109779	196960	268	8	700	140	8	24	0	8	36	244	244
lambda_chain	sa	8	37	87251014	537719	108756	196960	268	8	700	140	8	24	0	8	36	244	244
lambda_chain	sa	8	38	90486438	458869	105449	196960	268	8	700	140	8	24	0	8	36	244	244
lambda_chain	sa	8	39	85933986	402464	98586	196960	268	8	700	140	8	24	0	8	36	244	244
lambda_chain	sa	8	40	87624982	413596	116100	196960	268	8	700	140	8	24	0	8	36	244	244
lambda_chain	sa	8	41	89343572	481402	106564	196960	268	8	700	140	8	24	0	8	36	244	244
lambda_chain	sa	8	42	85679503	373238	91955	196960	268	8	700	140	8	24	0	8	36	244	244
lambda_chain	sa	8	43	87110697	508934	110129	196960	268	8	700	140	8	24	0	8	36	244	244
lambda_chain	sa	8	44	84395917	359623	101764	196960	268	8	700	140	8	24	0	8	36	244	244
lambda_chain	sa	8	45	83355926	385534	94089	196960	268	8	700	140	8	24	0	8	36	244	244
lambda_chain	sa	8	46	82448198	341477	91195	196960	268	8	700	140	8	24	0	8	36	244	244
lambda_chain	sa	8	47	83868448	341787	95922	196960	268	8	700	140	8	24	0	8	36	244	244
lambda_chain	sa	8	48	88274092	521759	126350	196960	268	8	700	140	8	24	0	8	36	244	244
lambda_chain	sa	8	49	83953011	330177	94258	196960	268	8	700	140	8	24	0	8	36	244	244
lambda_chain	sa	8	50	84596569	365120	99669	196960	268	8	700	140	8	24	0	8	36	244	244
lambda_chain	sa	8	51	89496632	496992	117143	196960	268	8	700	140	8	24	0	8	36	244	244
lambda_chain	sa	8	52	85494873	414545	104229	196960	268	8	700	140	8	24	0	8	36	244	244
lambda_chain	sa	8	53	91761693	430287	107122	196960	268	8	700	140	8	24	0	8	36	244	244
